{"cameraMode":{"drawMode":0,"name":"Shaded","section":"Shading Mode"},"sceneLighting":false,"audioPlay":false,"sceneViewState":{"m_AlwaysRefresh":false,"showFog":true,"showSkybox":false,"showFlares":true,"showImageEffects":true,"showParticleSystems":true,"showVisualEffectGraphs":true,"m_FxEnabled":true},"in2DMode":false,"pivot":{"x":502.75347900390627,"y":1891.705322265625,"z":-224.39646911621095},"rotation":{"x":-0.10987125337123871,"y":-0.024749483913183214,"z":0.0027448423206806185,"w":-0.993657648563385},"size":1173.46728515625,"orthographic":false}